[
	[		
		{
			"imgs": "../img/ny01.png",
			"imgh": "../img/nyh01.png",
			"tag": "好货内部价",
			"name": "60s臻密绒磨毛四件套",
			"price": "¥399",
			"count": "¥499",
			"react":"浅绒如脂臻密，高级莫兰迪色系"
		},{
			"imgs": "../img/ny02.png",
			"imgh": "../img/nyh02.png",
			"tag": "好货内部价",
			"name": "60s臻密绒磨毛四件套",
			"price": "¥399",
			"count": "¥499",
			"react":"浅绒如脂臻密，高级莫兰迪色系"
		},{
			"imgs": "../img/ny03.png",
			"imgh": "../img/nyh03.png",
			"tag": "好货内部价",
			"name": "60s臻密绒磨毛四件套",
			"price": "¥399",
			"count": "¥499",
			"react":"浅绒如脂臻密，高级莫兰迪色系"
		},{
			"imgs": "../img/ny04.png",
			"imgh": "../img/nyh04.png",
			"tag": "好货内部价",
			"name": "60s臻密绒磨毛四件套",
			"price": "¥399",
			"count": "¥499",
			"react":"浅绒如脂臻密，高级莫兰迪色系"
		},{
			"imgs": "../img/sh05.png",
			"imgh": "../img/shh05.jpg",
			"tag": "好货内部价",
			"name": "60s臻密绒磨毛四件套",
			"price": "¥399",
			"count": "¥499",
			"react":"浅绒如脂臻密，高级莫兰迪色系"
		},{
			"imgs": "../img/sh06.png",
			"imgh": "../img/shh06.jpg",
			"tag": "好货内部价",
			"name": "60s臻密绒磨毛四件套",
			"price": "¥399",
			"count": "¥499",
			"react":"浅绒如脂臻密，高级莫兰迪色系"
		},{
			"imgs": "../img/sh07.png",
			"imgh": "../img/shh07.png",
			"tag": "好货内部价",
			"name": "60s臻密绒磨毛四件套",
			"price": "¥399",
			"count": "¥499",
			"react":"浅绒如脂臻密，高级莫兰迪色系"
		},{
			"imgs": "../img/sh08.png",
			"imgh": "../img/shh08.jpg",
			"tag": "好货内部价",
			"name": "60s臻密绒磨毛四件套",
			"price": "¥399",
			"count": "¥499",
			"react":"浅绒如脂臻密，高级莫兰迪色系"
		},{
			"imgs": "../img/sh04.png",
			"imgh": "../img/shh04.jpg",
			"tag": "好货内部价",
			"name": "60s臻密绒磨毛四件套",
			"price": "¥399",
			"count": "¥499",
			"react":"浅绒如脂臻密，高级莫兰迪色系"
		},{
			"imgs": "../img/sh03.png",
			"imgh": "../img/shh03.jpg",
			"tag": "好货内部价",
			"name": "60s臻密绒磨毛四件套",
			"price": "¥399",
			"count": "¥499",
			"react":"浅绒如脂臻密，高级莫兰迪色系"
		},{
			"imgs": "../img/sh01.png",
			"imgh": "../img/shh01.png",
			"tag": "好货内部价",
			"name": "60s臻密绒磨毛四件套",
			"price": "¥399",
			"count": "¥499",
			"react":"浅绒如脂臻密，高级莫兰迪色系"
		},{
			"imgs": "../img/sh02.jpg",
			"imgh": "../img/shh02.png",
			"tag": "好货内部价",
			"name": "60s臻密绒磨毛四件套",
			"price": "¥399",
			"count": "¥499",
			"react":"浅绒如脂臻密，高级莫兰迪色系"
		}
	],[	{
			"imgs": "../img/hw01.png",
			"imgh": "../img/hwh01.jpg",
			"tag": "好货内部价",
			"name": "60s臻密绒磨毛四件套",
			"price": "¥399",
			"count": "¥499",
			"react":"浅绒如脂臻密，高级莫兰迪色系"
		},{
			"imgs": "../img/hw02.png",
			"imgh": "../img/hwh02.png",
			"tag": "好货内部价",
			"name": "60s臻密绒磨毛四件套",
			"price": "¥399",
			"count": "¥499",
			"react":"浅绒如脂臻密，高级莫兰迪色系"
		},	
		{
			"imgs": "../img/hw03.png",
			"imgh": "../img/hwh03.png",
			"tag": "好货内部价",
			"name": "60s臻密绒磨毛四件套",
			"price": "¥399",
			"count": "¥499",
			"react":"浅绒如脂臻密，高级莫兰迪色系"
		},{
			"imgs": "../img/hw04.png",
			"imgh": "../img/hwh04.png",
			"tag": "好货内部价",
			"name": "60s臻密绒磨毛四件套",
			"price": "¥399",
			"count": "¥499",
			"react":"浅绒如脂臻密，高级莫兰迪色系"
		},{
			"imgs": "../img/sh05.png",
			"imgh": "../img/shh05.jpg",
			"tag": "好货内部价",
			"name": "60s臻密绒磨毛四件套",
			"price": "¥399",
			"count": "¥499",
			"react":"浅绒如脂臻密，高级莫兰迪色系"
		},{
			"imgs": "../img/sh06.png",
			"imgh": "../img/shh06.jpg",
			"tag": "好货内部价",
			"name": "60s臻密绒磨毛四件套",
			"price": "¥399",
			"count": "¥499",
			"react":"浅绒如脂臻密，高级莫兰迪色系"
		},{
			"imgs": "../img/sh07.png",
			"imgh": "../img/shh07.png",
			"tag": "好货内部价",
			"name": "60s臻密绒磨毛四件套",
			"price": "¥399",
			"count": "¥499",
			"react":"浅绒如脂臻密，高级莫兰迪色系"
		},{
			"imgs": "../img/sh08.png",
			"imgh": "../img/shh08.jpg",
			"tag": "好货内部价",
			"name": "60s臻密绒磨毛四件套",
			"price": "¥399",
			"count": "¥499",
			"react":"浅绒如脂臻密，高级莫兰迪色系"
		},{
			"imgs": "../img/sh12.png",
			"imgh": "../img/shh11.jpg",
			"tag": "好货内部价",
			"name": "60s臻密绒磨毛四件套",
			"price": "¥399",
			"count": "¥499",
			"react":"浅绒如脂臻密，高级莫兰迪色系"
		},{
			"imgs": "../img/sh09.png",
			"imgh": "../img/shh09.jpg",
			"tag": "好货内部价",
			"name": "60s臻密绒磨毛四件套",
			"price": "¥399",
			"count": "¥499",
			"react":"浅绒如脂臻密，高级莫兰迪色系"
		},{
			"imgs": "../img/ct01.png",
			"imgh": "../img/cth01.png",
			"tag": "好货内部价",
			"name": "60s臻密绒磨毛四件套",
			"price": "¥399",
			"count": "¥499",
			"react":"浅绒如脂臻密，高级莫兰迪色系"
		}
	],[	{
			"imgs": "../img/ns01.png",
			"imgh": "../img/nsh01.png",
			"tag": "好货内部价",
			"name": "60s臻密绒磨毛四件套",
			"price": "¥399",
			"count": "¥499",
			"react":"浅绒如脂臻密，高级莫兰迪色系"
		},{
			"imgs": "../img/ns02.png",
			"imgh": "../img/nsh02.jpg",
			"tag": "好货内部价",
			"name": "60s臻密绒磨毛四件套",
			"price": "¥399",
			"count": "¥499",
			"react":"浅绒如脂臻密，高级莫兰迪色系"
		},{
			"imgs": "../img/ct03.jpg",
			"imgh": "../img/cth03.jpg",
			"tag": "好货内部价",
			"name": "60s臻密绒磨毛四件套",
			"price": "¥399",
			"count": "¥499",
			"react":"浅绒如脂臻密，高级莫兰迪色系"
		},	
		{
			"imgs": "../img/ct04.png",
			"imgh": "../img/cth04.png",
			"tag": "好货内部价",
			"name": "60s臻密绒磨毛四件套",
			"price": "¥399",
			"count": "¥499",
			"react":"浅绒如脂臻密，高级莫兰迪色系"
		},{
			"imgs": "../img/ct05.png",
			"imgh": "../img/cth05.png",
			"tag": "好货内部价",
			"name": "60s臻密绒磨毛四件套",
			"price": "¥399",
			"count": "¥499",
			"react":"浅绒如脂臻密，高级莫兰迪色系"
		},{
			"imgs": "../img/ct06.jpg",
			"imgh": "../img/cth06.jpg",
			"tag": "好货内部价",
			"name": "60s臻密绒磨毛四件套",
			"price": "¥399",
			"count": "¥499",
			"react":"浅绒如脂臻密，高级莫兰迪色系"
		},{
			"imgs": "../img/ct07.png",
			"imgh": "../img/cth07.png",
			"tag": "好货内部价",
			"name": "60s臻密绒磨毛四件套",
			"price": "¥399",
			"count": "¥499",
			"react":"浅绒如脂臻密，高级莫兰迪色系"
		},{
			"imgs": "../img/ct08.png",
			"imgh": "../img/cth08.png",
			"tag": "好货内部价",
			"name": "60s臻密绒磨毛四件套",
			"price": "¥399",
			"count": "¥499",
			"react":"浅绒如脂臻密，高级莫兰迪色系"
		},{
			"imgs": "../img/ct09.png",
			"imgh": "../img/cth09.png",
			"tag": "好货内部价",
			"name": "60s臻密绒磨毛四件套",
			"price": "¥399",
			"count": "¥499",
			"react":"浅绒如脂臻密，高级莫兰迪色系"
		},{
			"imgs": "../img/ct10.jpg",
			"imgh": "../img/cth10.jpg",
			"tag": "好货内部价",
			"name": "60s臻密绒磨毛四件套",
			"price": "¥399",
			"count": "¥499",
			"react":"浅绒如脂臻密，高级莫兰迪色系"
		}
	]
]
