[
	{
		"title": "首页"
	},
	{
		"title": "居家生活",
		"href":"Life.html",
		"fenlei": [
			{
				"fenlei1": "秋冬好物",
				"fenlei2": [
					"秋冬好物",
					"主题床品",
					"北欧原木",
					"餐厨系列"
				],
				"image": [
					"https://yanxuan.nosdn.127.net/e48caa07a8ba179f542f428102cb7b71.png?&quality=95&type=webp&imageView",
					"https://yanxuan.nosdn.127.net/5a165042f413da1d6a01a25de0a65952.png?&quality=95&type=webp&imageView",
					"https://yanxuan.nosdn.127.net/bef3b6ec3a1d1b8ec3476ec2d5aa7a3a.png?&quality=95&type=webp&imageView",
					"https://yanxuan.nosdn.127.net/3fc9015f3ccebba3f34b06024b923a98.png?&quality=95&type=webp&imageView"
				]
			},
			{
				"fenlei1": "床上用品",
				"fenlei2": [
					"床品件套",
					"被枕盖毯",
					"床垫床褥"
				],
				"image": [
					"https://yanxuan.nosdn.127.net/6eeaa813566307004ff88f1013bf08fe.png?&quality=95&type=webp&imageView",
					"https://yanxuan.nosdn.127.net/db9cd0d90269244c7167d18db493ec51.png?&quality=95&type=webp&imageView",
					"https://yanxuan.nosdn.127.net/64d736388656705f5ba7a0ab8b3c0945.png?&quality=95&type=webp&imageView"
				]
			},
			{
				"fenlei1": "家居饰品",
				"fenlei2": [
					"抱枕靠垫",
					"家饰",
					"居家布艺"
				],
				"image": [
					"https://yanxuan.nosdn.127.net/0da6f3d513e36c12eabad86a3e0607e7.png?&quality=95&type=webp&imageView",
					"https://yanxuan.nosdn.127.net/3ab796d975584201ffe8f6c0123ba8bb.png?&quality=95&type=webp&imageView",
					"https://yanxuan.nosdn.127.net/542fa9f88f195d5c738c30c72f7f865b.png?&quality=95&type=webp&imageView"
				]
			},
			{
				"fenlei1": "家具家装",
				"fenlei2": [
					"客餐厅家具",
					"卧室家具",
					"办公书房家具",
					"小件家具",
					"灯具",
					"地毯窗帘"
				],
				"image": [
					"https://yanxuan.nosdn.127.net/e8e017d7b6d53abdbcfc2b4d9d464f7f.png?&quality=95&type=webp&imageView",
					"https://yanxuan.nosdn.127.net/b96c03936142b1ccbbf57144a1bec8ef.png?&quality=95&type=webp&imageView",
					"https://yanxuan.nosdn.127.net/51b15acb5aadf019452a1543b430912e.png?&quality=95&type=webp&imageView",
					"https://yanxuan.nosdn.127.net/f44e2cb4a1250b1dbcb59aecd6de699b.png?&quality=95&type=webp&imageView",
					"https://yanxuan.nosdn.127.net/1853975628f115fcfafed57403e02e14.png?&quality=95&type=webp&imageView",
					"https://yanxuan.nosdn.127.net/4b99e46ac5ed04560d3afc799fe1a471.png?&quality=95&type=webp&imageView"
				]
			},
			{
				"fenlei1": "收纳日用",
				"fenlei2": [
					"收纳",
					"晾晒除味",
					"毛巾浴巾",
					"居家拖鞋",
					"家庭医疗"
				],
				"image": [
					"https://yanxuan.nosdn.127.net/366989e4d730594e86fcd60b5ab19acc.png?&quality=95&type=webp&imageView",
					"https://yanxuan.nosdn.127.net/0f79023e7f171c6e0414cd45e1b717fc.png?&quality=95&type=webp&imageView",
					"https://yanxuan.nosdn.127.net/33386fcdceac29764fc9d9923150d665.png?&quality=95&type=webp&imageView",
					"https://yanxuan.nosdn.127.net/959b248bb648a6737ef4eca56e2962f5.png?&quality=95&type=webp&imageView",
					"https://yanxuan.nosdn.127.net/de6518ab55b39bf19610c2b301965f79.png?&quality=95&type=webp&imageView"
				]
			},
			{
				"fenlei1": "厨房用品",
				"fenlei2": [
					"锅具",
					"餐厨配件",
					"刀剪砧板"
				],
				"image": [
					"https://yanxuan.nosdn.127.net/0ee675cc78ad0d4802bc4df7c3432194.png?&quality=95&type=webp&imageView",
					"https://yanxuan.nosdn.127.net/95ad15a6b2cb7881d1fd687594aab419.png?&quality=95&type=webp&imageView",
					"https://yanxuan.nosdn.127.net/6a77d9c34ad966dc90be25de51186f02.png?&quality=95&type=webp&imageView"
				]
			},
			{
				"fenlei1": "餐具水具",
				"fenlei2": [
					"餐具",
					"水具杯壶",
					"茶咖酒具"
				],
				"image": [
					"https://yanxuan.nosdn.127.net/2dc44d85e10ad1f5b68bb0b5b1b4cbb5.png?&quality=95&type=webp&imageView",
					"https://yanxuan.nosdn.127.net/45b50d5f8afbd6fdef97314647dcb7db.png?&quality=95&type=webp&imageView",
					"https://yanxuan.nosdn.127.net/3102b963e7a3c74b9d2ae90e4380da65.png?&quality=95&type=webp&imageView"
				]
			},
			{
				"fenlei1": "宠物生活",
				"fenlei2": [
					"宠物食品",
					"宠物用品"
				],
				"image": [
					"https://yanxuan.nosdn.127.net/b42a85ef15f856081ea9f49e5f6893e2.png?&quality=95&type=webp&imageView",
					"https://yanxuan.nosdn.127.net/e766b09029ca00680d1e651b5cdc42bd.png?&quality=95&type=webp&imageView"
				]
			}
		]
	},
	{
		"title": "服饰鞋包",
		"href":"cloth.html",
		"fenlei": [
			{
				"fenlei1": "当季热销",
				"fenlei2": [
					"秋季新品",
					"热卖爆款",
					"抄底特惠"
				],
				"image": [
					"https://yanxuan.nosdn.127.net/d0d518823ba987d6f7b38865ff4f4acc.png?&quality=95&type=webp&imageView",
					"https://yanxuan.nosdn.127.net/99338b73103a7a9b59f1b78eb42d2f36.png?&quality=95&type=webp&imageView",
					"https://yanxuan.nosdn.127.net/16452b4f834b567e7768efe25cc5c834.png?&quality=95&type=webp&imageView"
				]
			},
			{
				"fenlei1": "男装",
				"fenlei2": [
					"男式衬衫",
					"男式针织衫/卫衣",
					"男式外套",
					"男式裤装",
					"男式牛仔",
					"男式T恤/POLO"
				],
				"image": [
					"https://yanxuan.nosdn.127.net/49544dfaf63f3a932448032a66823230.png?&quality=95&type=webp&imageView",
					"https://yanxuan.nosdn.127.net/6b4fa90e23805f1907f84a38e187c9b5.jpg?&quality=95&type=webp&imageView",
					"https://yanxuan.nosdn.127.net/f61e754e13a2263819a237f714025789.png?&quality=95&type=webp&imageView",
					"https://yanxuan.nosdn.127.net/37867446e19b574cbe50e3de25b9eec2.jpg?&quality=95&type=webp&imageView",
					"https://yanxuan.nosdn.127.net/7b9ba338737b2e03cb13f70c18af5a26.png?&quality=95&type=webp&imageView",
					"https://yanxuan.nosdn.127.net/e9f7471788b1dff7c9d6ba091dbd2e8c.png?&quality=95&type=webp&imageView"
				]
			},
			{
				"fenlei1": "女装",
				"fenlei2": [
					"女式针织衫/卫衣",
					"女式外套",
					"女式T恤/POLO",
					"女式裤装",
					"女式牛仔",
					"女式裙装",
					"女式衬衫"
				],
				"image": [
					"https://yanxuan.nosdn.127.net/b52e506b6205dd6496c2a602bc3850b4.jpg?&quality=95&type=webp&imageView",
					"https://yanxuan.nosdn.127.net/3fbe9fc7701a3f25ee9f32468c92e20d.png?&quality=95&type=webp&imageView",
					"https://yanxuan.nosdn.127.net/06738330e4902b5dd498688b774062b5.jpg?&quality=95&type=webp&imageView",
					"https://yanxuan.nosdn.127.net/a51df83cd77db6cb884a3c9b75ff8a36.png?&quality=95&type=webp&imageView",
					"https://yanxuan.nosdn.127.net/10891d4a9346c80f1d4f329231961ec4.png?&quality=95&type=webp&imageView",
					"https://yanxuan.nosdn.127.net/4b9301c4a4642641ce856c9077021df3.png?&quality=95&type=webp&imageView",
					"https://yanxuan.nosdn.127.net/14738568c5742726c1763aeae093c163.jpg?&quality=95&type=webp&imageView"
				]
			},
			{
				"fenlei1": "居家内衣",
				"fenlei2": [
					"男式内衣",
					"男式家居服",
					"女式家居服",
					"男式内裤",
					"女式内裤",
					"女式内衣/文胸",
					"短袜/裤袜"
				],
				"image": [
					"https://yanxuan.nosdn.127.net/5c77c902a19a0564895b910a7793424a.png?&quality=95&type=webp&imageView",
					"https://yanxuan.nosdn.127.net/ff747839a6651c8f8929e7e202a06c02.jpg?&quality=95&type=webp&imageView",
					"https://yanxuan.nosdn.127.net/969ad4c29be41ed8da9de19a0ca56742.jpg?&quality=95&type=webp&imageView",
					"https://yanxuan.nosdn.127.net/50453b504f6039ee80c46960e8435661.png?&quality=95&type=webp&imageView",
					"https://yanxuan.nosdn.127.net/28f818a368f4a8ff98783ad10a9210de.png?&quality=95&type=webp&imageView",
					"https://yanxuan.nosdn.127.net/a67de66d55d422e512c583f14d10b4b7.png?&quality=95&type=webp&imageView",
					"https://yanxuan.nosdn.127.net/b150c3a39dd321335c9e751c92a42753.png?&quality=95&type=webp&imageView"
				]
			},
			{
				"fenlei1": "鞋靴",
				"fenlei2": [
					"男鞋",
					"女鞋",
					"拖鞋",
					"鞋配"
				],
				"image": [
					"https://yanxuan.nosdn.127.net/a38f99bd8c3b3fb36fb370cfdd16c7b1.png?&quality=95&type=webp&imageView",
					"https://yanxuan.nosdn.127.net/cdf34eb6f499877edb8514df4bb878e9.png?&quality=95&type=webp&imageView",
					"https://yanxuan.nosdn.127.net/ac4f84acfc604b8a68c4753397e796f8.jpg?&quality=95&type=webp&imageView",
					"https://yanxuan.nosdn.127.net/c08c6f32f0153152ab170e3fe09dcffb.png?&quality=95&type=webp&imageView"
				]
			},
			{
				"fenlei1": "箱包",
				"fenlei2": [
					"女士包袋",
					"男士包袋",
					"钱包及小皮件",
					"行李箱"
				],
				"image": [
					"https://yanxuan.nosdn.127.net/e3f99ce926433520f32d7e591a7572bc.png?&quality=95&type=webp&imageView",
					"https://yanxuan.nosdn.127.net/a16610a986926f9c06d8979417e7ef9f.png?&quality=95&type=webp&imageView",
					"https://yanxuan.nosdn.127.net/2697a7254e57c34e71ee8ad53da8fcf7.png?&quality=95&type=webp&imageView",
					"https://yanxuan.nosdn.127.net/7d0e798e1f9c0eefbe65d4e3bc9f08de.png?&quality=95&type=webp&imageView"
				]
			},
			{
				"fenlei1": "首饰配件",
				"fenlei2": [
					"奢华珠宝",
					"时尚饰品",
					"围巾手套",
					"帽子发饰",
					"腰带腕表",
					"眼镜墨镜"
				],
				"image": [
					"https://yanxuan.nosdn.127.net/a2529e9eb10c8739602d956a8ee65bb3.png?&quality=95&type=webp&imageView",
					"https://yanxuan.nosdn.127.net/060c6ef3f4792813fe51d7b733e683f6.png?&quality=95&type=webp&imageView",
					"https://yanxuan.nosdn.127.net/d98ce4545334e8b5381f1c81c7b3c9b2.png?&quality=95&type=webp&imageView",
					"https://yanxuan.nosdn.127.net/4a285322618ab924803e9bb963116128.png?&quality=95&type=webp&imageView",
					"https://yanxuan.nosdn.127.net/d165276ae33da8c277b6391191a26ad7.png?&quality=95&type=webp&imageView",
					"https://yanxuan.nosdn.127.net/2c51cf2f8f745b5dea3000d73e103705.png?&quality=95&type=webp&imageView"
				]
			},
			{
				"fenlei1": "系列特辑",
				"fenlei2": [
					"免烫系列",
					"棉麻系列",
					"真丝系列",
					"莫代尔系列",
					"几何森林",
					"海洋环保"
				],
				"image": [
					"https://yanxuan.nosdn.127.net/594e9fd46a11cde0663f36df070b4132.png?&quality=95&type=webp&imageView",
					"https://yanxuan.nosdn.127.net/ea641bf5bede46a408c7a23c06611d26.png?&quality=95&type=webp&imageView",
					"https://yanxuan.nosdn.127.net/15027c7fb366d8c55718a98f973eec2c.png?&quality=95&type=webp&imageView",
					"https://yanxuan.nosdn.127.net/9cedd4c7ab3ec7220724faed12b9605a.png?&quality=95&type=webp&imageView",
					"https://yanxuan.nosdn.127.net/d0535842507bee97323094b2bd9b01f8.png?&quality=95&type=webp&imageView",
					"https://yanxuan.nosdn.127.net/1387c1a6c77a322711b7d67d3860e3f2.png?&quality=95&type=webp&imageView"
				]
			}
		]
	},
	{
		"title": "美食酒水",
		"href":"Life.html",
		"fenlei": [
			{
				"fenlei1": "精选美食",
				"fenlei2": [
					"双11定金购",
					"新品首发",
					"好味精选"
				],
				"image": [
					"https://yanxuan.nosdn.127.net/892c02512e49e92b2bafbab600cca1c5.jpg?&quality=95&type=webp&imageView",
					"https://yanxuan.nosdn.127.net/80d4056dc37cb556acd80b69193397ef.png?&quality=95&type=webp&imageView",
					"https://yanxuan.nosdn.127.net/cc2a099be6846fed02584585cb07d7e7.png?&quality=95&type=webp&imageView"
				]
			},
			{
				"fenlei1": "休闲零食",
				"fenlei2": [
					"饼干糕点",
					"小食糖巧",
					"肉类零食"
				],
				"image": [
					"https://yanxuan.nosdn.127.net/f50b9a58a8492cfbf41116dc184a3e0f.png?&quality=95&type=webp&imageView",
					"https://yanxuan.nosdn.127.net/3707fbabcfd22c4039a4cabc8e4c447a.png?&quality=95&type=webp&imageView",
					"https://yanxuan.nosdn.127.net/027d936f4ce88772a57cb993772c82d9.png?&quality=95&type=webp&imageView"
				]
			},
			{
				"fenlei1": "坚果蜜饯",
				"fenlei2": [
					"坚果炒货",
					"蜜饯果干"
				],
				"image": [
					"https://yanxuan.nosdn.127.net/0e6051928118445f4c9ed057314b8425.png?&quality=95&type=webp&imageView",
					"https://yanxuan.nosdn.127.net/762653055eeca2aa708a034b8e1d0d81.png?&quality=95&type=webp&imageView"
				]
			},
			{
				"fenlei1": "冲饮茗茶",
				"fenlei2": [
					"冲调饮品",
					"传统茗茶",
					"茗茶礼盒",
					"茶包花茶"
				],
				"image": [
					"https://yanxuan.nosdn.127.net/dd21144dd9cc4031c7e5f1614524b229.png?&quality=95&type=webp&imageView",
					"https://yanxuan.nosdn.127.net/eef3847014685c6be03ac6e2a02407b4.png?&quality=95&type=webp&imageView",
					"https://yanxuan.nosdn.127.net/ffb36abdd72db7ad1768aa00d05e0f3f.png?&quality=95&type=webp&imageView",
					"https://yanxuan.nosdn.127.net/2b5e6cad8224349f48d57fbfe95e915c.png?&quality=95&type=webp&imageView"
				]
			},
			{
				"fenlei1": "滋补保健",
				"fenlei2": [
					"滋补食材",
					"保健品"
				],
				"image": [
					"https://yanxuan.nosdn.127.net/63784a476996a155a05e4f76ebb9bdb2.png?&quality=95&type=webp&imageView",
					"https://yanxuan.nosdn.127.net/ce76432620bf86aec892eb17e8afb951.png?&quality=95&type=webp&imageView"
				]
			},
			{
				"fenlei1": "酒水饮料",
				"fenlei2": [
					"乳品饮料",
					"酒类",
					"名酒馆",
					"餐厨系列"
				],
				"image": [
					"https://yanxuan.nosdn.127.net/06cf0a381b87e9b621e93ba7025114f4.png?&quality=95&type=webp&imageView",
					"https://yanxuan.nosdn.127.net/fe26d5106a40b553ef695a10aadb7446.png?&quality=95&type=webp&imageView",
					"https://yanxuan.nosdn.127.net/fd8b9071456a979d7e6d0d3865049f14.png?&quality=95&type=webp&imageView",
					"https://yanxuan.nosdn.127.net/fd8b9071456a979d7e6d0d3865049f14.png?&quality=95&type=webp&imageView"
				]
			},
			{
				"fenlei1": "粮油调味",
				"fenlei2": [
					"米面粮油",
					"方便食品",
					"南北干货",
					"调味酱菜"
				],
				"image": [
					"https://yanxuan.nosdn.127.net/8578759aed2268f7aa8641273cac7cb3.png?&quality=95&type=webp&imageView",
					"https://yanxuan.nosdn.127.net/492dfb836e9e5af22bb6b4a97990564f.png?&quality=95&type=webp&imageView",
					"https://yanxuan.nosdn.127.net/2da5e4e680b646f61e3a33cf881ac646.png?&quality=95&type=webp&imageView",
					"https://yanxuan.nosdn.127.net/5fae33a840870b487cc903535383bf97.png?&quality=95&type=webp&imageView"
				]
			},
			{
				"fenlei1": "生鲜特色",
				"fenlei2": [
					"水果蔬菜",
					"肉蛋海鲜",
					"冷冻冷藏",
					"网易黑猪",
					"全球美食"
				],
				"image": [
					"https://yanxuan.nosdn.127.net/bfb1e3f73b0810e9b0737e53c9140346.png?&quality=95&type=webp&imageView",
					"https://yanxuan.nosdn.127.net/e3a8d721712c5260544ba7552ac104d1.png?&quality=95&type=webp&imageView",
					"https://yanxuan.nosdn.127.net/48e6f9f22d994391ccc0b55357c770c2.png?&quality=95&type=webp&imageView",
					"https://yanxuan.nosdn.127.net/79b904ccd106d3875a90d4430f2e8ad2.png?&quality=95&type=webp&imageView",
					"https://yanxuan.nosdn.127.net/c11f5457dfb38e76f60100c87ecdf0cd.png?&quality=95&type=webp&imageView"
				]
			}
		]
	},
	{
		"title": "个护清洁",
		"href":"cloth.html",
		"fenlei": [
			{
				"fenlei1": "好物精选",
				"fenlei2": [
					"爆款榜单",
					"新品尝鲜"
				],
				"image": [
					"https://yanxuan.nosdn.127.net/8088ff3858f394f331e0961b4e9e4af2.png?&quality=95&type=webp&imageView",
					"https://yanxuan.nosdn.127.net/4bbdf892f9385271c0016700f08afcf4.png?&quality=95&type=webp&imageView"
				]
			},
			{
				"fenlei1": "面部护理",
				"fenlei2": [
					"基础护肤",
					"卸妆洁面",
					"护肤工具"
				],
				"image": [
					"https://yanxuan.nosdn.127.net/d82638e5ae8d4b556855aec02b5eadfe.png?&quality=95&type=webp&imageView",
					"https://yanxuan.nosdn.127.net/3c6c8d468a66a3ef09cc72e30d0ef617.png?&quality=95&type=webp&imageView",
					"https://yanxuan.nosdn.127.net/3b78410ee58230e53328592ff78d7061.png?&quality=95&type=webp&imageView"
				]
			},
			{
				"fenlei1": "个人护理",
				"fenlei2": [
					"洗发护发",
					"身体护理",
					"口腔护理",
					"女性护理"
				],
				"image": [
					"https://yanxuan.nosdn.127.net/0f66a50bc777bc53a6e307e51f08577f.png?&quality=95&type=webp&imageView",
					"https://yanxuan.nosdn.127.net/8ce91e11a8982da7dcec251daadd2594.png?&quality=95&type=webp&imageView",
					"https://yanxuan.nosdn.127.net/5e5e9890754e6ea3897812e101ab5be1.png?&quality=95&type=webp&imageView",
					"https://yanxuan.nosdn.127.net/e384b4af0d27c02f842a59815963daeb.png?&quality=95&type=webp&imageView"
				]
			},
			{
				"fenlei1": "彩妆香水",
				"fenlei2": [
					"彩妆修容",
					"香水香氛",
					"美妆工具"
				],
				"image": [
					"https://yanxuan.nosdn.127.net/1014a40ee448b8e27301a00aa482fda6.png?&quality=95&type=webp&imageView",
					"https://yanxuan.nosdn.127.net/687a0659c771b495f58bd53ea55b76dd.png?&quality=95&type=webp&imageView",
					"https://yanxuan.nosdn.127.net/ef881044553c8d020c52a6541a90d3a4.png?&quality=95&type=webp&imageView"
				]
			},
			{
				"fenlei1": "个护电器",
				"fenlei2": [
					"口腔护理电器",
					"面部护理电器",
					"头发护理电器",
					"身体护理电器"
				],
				"image": [
					"https://yanxuan.nosdn.127.net/e34159ec0b3feb133a0b816dde478a97.png?&quality=95&type=webp&imageView",
					"https://yanxuan.nosdn.127.net/219236c800785879892dbb5bed827c92.png?&quality=95&type=webp&imageView",
					"https://yanxuan.nosdn.127.net/a8d970a14135412a2ce47794a8ea6ede.png?&quality=95&type=webp&imageView",
					"https://yanxuan.nosdn.127.net/5c9d4a6e98962108039e8c62f286663d.png?&quality=95&type=webp&imageView"
				]
			},
			{
				"fenlei1": "纸品清洁",
				"fenlei2": [
					"纸品",
					"湿巾"
				],
				"image": [
					"https://yanxuan.nosdn.127.net/07fef43b0d14882d6662233ab30dc588.png?&quality=95&type=webp&imageView",
					"https://yanxuan.nosdn.127.net/985897ea31fdfc159e12696f4dbb4c13.png?&quality=95&type=webp&imageView"
				]
			},
			{
				"fenlei1": "家清卫浴",
				"fenlei2": [
					"衣物护理",
					"家庭清洁",
					"餐厨清洁",
					"毛巾浴巾",
					"浴室用品"
				],
				"image": [
					"https://yanxuan.nosdn.127.net/43f32919ff6cb157de18c2450c733318.png?&quality=95&type=webp&imageView",
					"https://yanxuan.nosdn.127.net/e00880e1559adbfd7ea7cc58af35764f.png?&quality=95&type=webp&imageView",
					"https://yanxuan.nosdn.127.net/55d927e337c1f6d394359e99ef72a621.png?&quality=95&type=webp&imageView",
					"https://yanxuan.nosdn.127.net/949c5f8b077cf386ff9f1f18bec3408b.png?&quality=95&type=webp&imageView",
					"https://yanxuan.nosdn.127.net/dfb6142de1bd2f59b251eb8f7c7ea2fb.png?&quality=95&type=webp&imageView"
				]
			},
			{
				"fenlei1": "成人用品",
				"fenlei2": [
					"避孕套",
					"女用情趣",
					"男用情趣",
					"润滑液"
				],
				"image": [
					"https://yanxuan.nosdn.127.net/57cb3a6eb358bdb6140701f9f9d96006.png?&quality=95&type=webp&imageView",
					"https://yanxuan.nosdn.127.net/f33c65c50d88789dea8880852c9a6cc8.png?&quality=95&type=webp&imageView",
					"https://yanxuan.nosdn.127.net/0474146a2b36044d66e4d3c97fbc4226.png?&quality=95&type=webp&imageView",
					"https://yanxuan.nosdn.127.net/7606c68302a77f2bd1c858aae92c2b9f.png?&quality=95&type=webp&imageView"
				]
			}
		]
	},
	{
		"title": "母婴亲子",
		"href":"Life.html",
		"fenlei": [
			{
				"fenlei1": "婴童精选",
				"fenlei2": [
					"必买好货",
					"秋日穿搭",
					"换季好物",
					"初冬暖物"
				],
				"image": [
					"https://yanxuan.nosdn.127.net/1dbd4d8dec9ec5f81237fba17b115f55.png?&quality=95&type=webp&imageView",
					"https://yanxuan.nosdn.127.net/d5f83db33a9f2b90965c22e21955054e.png?&quality=95&type=webp&imageView",
					"https://yanxuan.nosdn.127.net/3e456782f276a46b554b11b3c306f752.png?&quality=95&type=webp&imageView",
					"https://yanxuan.nosdn.127.net/1238dc81697597fb0c78af88c81ebeb8.png?&quality=95&type=webp&imageView"
				]
			},
			{
				"fenlei1": "童装",
				"fenlei2": [
					"上衣",
					"下装",
					"裙装",
					"爬服连体衣",
					"内衣/配搭"
				],
				"image": [
					"https://yanxuan.nosdn.127.net/cb95d353c60960036837fd8669c54837.png?&quality=95&type=webp&imageView",
					"https://yanxuan.nosdn.127.net/3a94879b45ff6d1745e588be4cfde210.png?&quality=95&type=webp&imageView",
					"https://yanxuan.nosdn.127.net/31d30cfbc3ee4770c736e02a0728adfb.png?&quality=95&type=webp&imageView",
					"https://yanxuan.nosdn.127.net/5043f43cf53b9d83dbd9554b4de0d1c5.png?&quality=95&type=webp&imageView",
					"https://yanxuan.nosdn.127.net/a2033772781e403fda4922a933985dba.png?&quality=95&type=webp&imageView"
				]
			},
			{
				"fenlei1": "童鞋",
				"fenlei2": [
					"儿童鞋",
					"学步鞋"
				],
				"image": [
					"https://yanxuan.nosdn.127.net/f3fb18cbeacca10fcda9a7f6db09df85.png?&quality=95&type=webp&imageView",
					"https://yanxuan.nosdn.127.net/9a50280bb69e1c12f557f601cce1c480.png?&quality=95&type=webp&imageView"
				]
			},
			{
				"fenlei1": "洗护喂养",
				"fenlei2": [
					"尿裤纸品",
					"洗护",
					"喂养"
				],
				"image": [
					"https://yanxuan.nosdn.127.net/71414f781d12dc25b6d22383601d82b9.png?&quality=95&type=webp&imageView",
					"https://yanxuan.nosdn.127.net/96d7152b82926466a914fbda3df21e03.png?&quality=95&type=webp&imageView",
					"https://yanxuan.nosdn.127.net/0cb3b1464e599d53cc4f8340fbdb9b16.png?&quality=95&type=webp&imageView"
				]
			},
			{
				"fenlei1": "孕产妈咪",
				"fenlei2": [
					"孕产内衣",
					"妈咪用品",
					"孕妈装"
				],
				"image": [
					"https://yanxuan.nosdn.127.net/fb702350a14f8e6b4d735bf70286cf5c.png?&quality=95&type=webp&imageView",
					"https://yanxuan.nosdn.127.net/bfd8110f0f39fc4872e0205b504b7a95.png?&quality=95&type=webp&imageView",
					"https://yanxuan.nosdn.127.net/5a1bfd2cbf2868cc233db66cf59cd366.png?&quality=95&type=webp&imageView"
				]
			},
			{
				"fenlei1": "玩具图书",
				"fenlei2": [
					"玩具",
					"图书"
				],
				"image": [
					"https://yanxuan.nosdn.127.net/c11ead0c58cf83b903584a7c178c4cfb.png?&quality=95&type=webp&imageView",
					"https://yanxuan.nosdn.127.net/022bd4c5c42bdbaa06c2366543e8ce29.png?&quality=95&type=webp&imageView"
				]
			},
			{
				"fenlei1": "童包出行",
				"fenlei2": [
					"推车/童车",
					"安全座椅",
					"童包",
					"儿童雨具/泳具"
				],
				"image": [
					"https://yanxuan.nosdn.127.net/4829f861279526d5dd4c913517847dd7.png?&quality=95&type=webp&imageView",
					"https://yanxuan.nosdn.127.net/f843c1e6f67e0606813f9070dc04d004.png?&quality=95&type=webp&imageView",
					"https://yanxuan.nosdn.127.net/e58d803fbcd673e2fd9887f2661f928e.png?&quality=95&type=webp&imageView",
					"https://yanxuan.nosdn.127.net/a071dc237a0b77c6202cfd2b65d077a6.png?&quality=95&type=webp&imageView"
				]
			},
			{
				"fenlei1": "婴童寝居",
				"fenlei2": [
					"婴童床品套件",
					"婴童被枕芯类",
					"抱被睡袋",
					"儿童家具收纳"
				],
				"image": [
					"https://yanxuan.nosdn.127.net/48261eecfb8c05e000b8e31c4e0354f9.png?&quality=95&type=webp&imageView",
					"https://yanxuan.nosdn.127.net/2ef00a7cebcf5bffa267ead05fa1bc40.png?&quality=95&type=webp&imageView",
					"https://yanxuan.nosdn.127.net/654d535a3de707316d800dd614b2e7a9.png?&quality=95&type=webp&imageView",
					"https://yanxuan.nosdn.127.net/eb199db7ca1eb77a1c8cc03577b2df29.png?&quality=95&type=webp&imageView"
				]
			}
		]
	},
	{
		"title": "运动旅行",
		"href":"cloth.html",
		"fenlei": [
			{
				"fenlei1": "当季热销",
				"fenlei2": [
					"Yessing",
					"健身系列",
					"出行好物"
				],
				"image": [
					"https://yanxuan.nosdn.127.net/356000f887ef7e3f2c861a1aeaa1e13e.jpg?&quality=95&type=webp&imageView",
					"https://yanxuan.nosdn.127.net/b0eb566b13d2c69abd045b0ce6a15582.jpg?&quality=95&type=webp&imageView",
					"https://yanxuan.nosdn.127.net/be2219ef15c96122bfc7e510788b6f66.png?&quality=95&type=webp&imageView"
				]
			},
			{
				"fenlei1": "运动男装",
				"fenlei2": [
					"男式运动外套/卫衣",
					"男式运动裤装",
					"男式户外服装",
					"男式运动T恤"
				],
				"image": [
					"https://yanxuan.nosdn.127.net/25b1fbe40a2ce2c6d97939a91d31b33c.png?&quality=95&type=webp&imageView",
					"https://yanxuan.nosdn.127.net/fed3c5f897078109e59b5cb598937df6.png?&quality=95&type=webp&imageView",
					"https://yanxuan.nosdn.127.net/128bede1f8c5fee3c5fed4c8eef747d1.png?&quality=95&type=webp&imageView",
					"https://yanxuan.nosdn.127.net/11d7a6cf0ec46a95a2d4fa241d9b2da7.png?&quality=95&type=webp&imageView"
				]
			},
			{
				"fenlei1": "运动女装",
				"fenlei2": [
					"女式运动外套/卫衣",
					"女式运动裤装",
					"女式户外服装",
					"女式运动T恤",
					"女式运动内衣/泳装"
				],
				"image": [
					"https://yanxuan.nosdn.127.net/f5764c5184d29672ea7aa8cbd30322d5.png?&quality=95&type=webp&imageView",
					"https://yanxuan.nosdn.127.net/fdfaef4cf8c7b8b8be46c5f20a246a28.png?&quality=95&type=webp&imageView",
					"https://yanxuan.nosdn.127.net/5a29f6cdbc294acc279d64f1bd84d713.png?&quality=95&type=webp&imageView",
					"https://yanxuan.nosdn.127.net/91f83ba4359d572d9f84ded09fc4632c.png?&quality=95&type=webp&imageView",
					"https://yanxuan.nosdn.127.net/0e068c858bf3a3a7d29d1ed424152c6a.png?&quality=95&type=webp&imageView"
				]
			},
			{
				"fenlei1": "运动鞋",
				"fenlei2": [
					"男式运动鞋",
					"女式运动鞋"
				],
				"image": [
					"https://yanxuan.nosdn.127.net/fe7f698975f439b9beb662b31260c24a.png?&quality=95&type=webp&imageView",
					"https://yanxuan.nosdn.127.net/00e58ea330374df58310b77e7025b38a.png?&quality=95&type=webp&imageView"
				]
			},
			{
				"fenlei1": "旅行用品",
				"fenlei2": [
					"行李箱",
					"颈枕眼罩",
					"雨具",
					"旅行收纳",
					"出行用品"
				],
				"image": [
					"https://yanxuan.nosdn.127.net/e68e4100dd934328c999c434424c05ab.png?&quality=95&type=webp&imageView",
					"https://yanxuan.nosdn.127.net/b3e60d464cd92a2fc125212fb72c7085.png?&quality=95&type=webp&imageView",
					"https://yanxuan.nosdn.127.net/c0957f1ca49991008678bcfa69ddc9ca.png?&quality=95&type=webp&imageView",
					"https://yanxuan.nosdn.127.net/aadf8e7e35b81c07675457c3be5ad17b.png?&quality=95&type=webp&imageView",
					"https://yanxuan.nosdn.127.net/b50bf9004b1349f2b7207dfbdd15f961.png?&quality=95&type=webp&imageView"
				]
			},
			{
				"fenlei1": "户外露营",
				"fenlei2": [
					"露营野餐",
					"徒步登山"
				],
				"image": [
					"https://yanxuan.nosdn.127.net/2a01855ae3ea657b4c4642bd232b87fd.png?&quality=95&type=webp&imageView",
					"https://yanxuan.nosdn.127.net/18649cd00e65880eda8b519ced52dc06.png?&quality=95&type=webp&imageView"
				]
			},
			{
				"fenlei1": "运动健身",
				"fenlei2": [
					"健身器械",
					"按摩护具",
					"瑜伽美体"
				],
				"image": [
					"https://yanxuan.nosdn.127.net/9b1b127ce92b55675d9b0b8ef6945fec.png?&quality=95&type=webp&imageView",
					"https://yanxuan.nosdn.127.net/0e478fa1376e26559d11cae54fe11627.png?&quality=95&type=webp&imageView",
					"https://yanxuan.nosdn.127.net/de5b7126965807b59468de582fbf1908.png?&quality=95&type=webp&imageView"
				]
			},
			{
				"fenlei1": "运动配件",
				"fenlei2": [
					"运动配件",
					"游泳装备",
					"球类运动"
				],
				"image": [
					"https://yanxuan.nosdn.127.net/02ec407e6dc51e49d7af326d8646bf16.png?&quality=95&type=webp&imageView",
					"https://yanxuan.nosdn.127.net/77fe8d15ad5170e1525bdc2f3e01adb9.png?&quality=95&type=webp&imageView",
					"https://yanxuan.nosdn.127.net/fc49e5d6de57d93db072e8cc76728ac5.png?&quality=95&type=webp&imageView",
					"https://yanxuan.nosdn.127.net/e48caa07a8ba179f542f428102cb7b71.png?&quality=95&type=webp&imageView"
				]
			}
		]
	},
	{
		"title": "数码家电",
		"href":"Life.html",
		"fenlei": [
			{
				"fenlei1": "好货精选",
				"fenlei2": [
					"秋冬热销",
					"甄选爆款",
					"颜值好物"
				],
				"image": [
					"https://yanxuan.nosdn.127.net/20bbd891daf4fece9deac91d86fa0b58.png?&quality=95&type=webp&imageView",
					"https://yanxuan.nosdn.127.net/85d216dfdacfea6d065d89b94f337b89.png?&quality=95&type=webp&imageView",
					"https://yanxuan.nosdn.127.net/06f1a8dfd76abf6efff806479f4d67e2.png?&quality=95&type=webp&imageView"
				]
			},
			{
				"fenlei1": "个护电器",
				"fenlei2": [
					"口腔护理",
					"身体护理",
					"面部护理",
					"头发护理"
				],
				"image": [
					"https://yanxuan.nosdn.127.net/68981f451bef9c11e7c16d91f91bbe24.png?&quality=95&type=webp&imageView",
					"https://yanxuan.nosdn.127.net/44d8b9dd684dbd6a41e7203f8aa249b5.png?&quality=95&type=webp&imageView",
					"https://yanxuan.nosdn.127.net/e3acfa6d605c682d5a2a959c6de5311b.png?&quality=95&type=webp&imageView",
					"https://yanxuan.nosdn.127.net/4858a544bfccd002a227f9f1b23e7c8b.png?&quality=95&type=webp&imageView"
				]
			},
			{
				"fenlei1": "生活电器",
				"fenlei2": [
					"两季电器",
					"清洁电器",
					"衣物护理",
					"空气调节"
				],
				"image": [
					"https://yanxuan.nosdn.127.net/b410c8e30cc295f52c4aadcbbc5a0e48.png?&quality=95&type=webp&imageView",
					"https://yanxuan.nosdn.127.net/4d3de56ddc0f4823f3ca8d26f9730021.png?&quality=95&type=webp&imageView",
					"https://yanxuan.nosdn.127.net/7c136a05336b35bf5b9bf3fb163bf18c.png?&quality=95&type=webp&imageView",
					"https://yanxuan.nosdn.127.net/1f3c4a88ade4c36888f9b93e43b28310.png?&quality=95&type=webp&imageView"
				]
			},
			{
				"fenlei1": "厨房电器",
				"fenlei2": [
					"厨房电器"
				],
				"image": [
					"https://yanxuan.nosdn.127.net/0fb36565c7bc7989697a45dbf0a3c1bd.png?&quality=95&type=webp&imageView"
				]
			},
			{
				"fenlei1": "按摩电器",
				"fenlei2": [
					"按摩器",
					"按摩椅"
				],
				"image": [
					"https://yanxuan.nosdn.127.net/35b4a3d98b38f979239ad5af0009b2c1.png?&quality=95&type=webp&imageView",
					"https://yanxuan.nosdn.127.net/1eef53a808bddbd57af1635ec47dfac1.png?&quality=95&type=webp&imageView"
				]
			},
			{
				"fenlei1": "智能生活",
				"fenlei2": [
					"智能家居",
					"智能出行"
				],
				"image": [
					"https://yanxuan.nosdn.127.net/c3dc742a74e228d9f60cd1ca2b275b11.png?&quality=95&type=webp&imageView",
					"https://yanxuan.nosdn.127.net/7b2fe7140fa4348212aab7717e90f6d5.png?&quality=95&type=webp&imageView"
				]
			},
			{
				"fenlei1": "数码办公",
				"fenlei2": [
					"3C数码",
					"手机配件",
					"车载用品",
					"办公文具"
				],
				"image": [
					"https://yanxuan.nosdn.127.net/99b8f97b2e5449606fd558574aa15982.png?&quality=95&type=webp&imageView",
					"https://yanxuan.nosdn.127.net/e057505366fc2b1f3f3f1749697c31b7.png?&quality=95&type=webp&imageView",
					"https://yanxuan.nosdn.127.net/34834625ca0b2dfcaf77eece185a1666.png?&quality=95&type=webp&imageView",
					"https://yanxuan.nosdn.127.net/801583d2f58274b13dc6a03daed1c3c9.png?&quality=95&type=webp&imageView"
				]
			},
			{
				"fenlei1": "影音娱乐",
				"fenlei2": [
					"影音娱乐",
					"乐器"
				],
				"image": [
					"https://yanxuan.nosdn.127.net/e846873d0df9a6320912b15ea3226467.png?&quality=95&type=webp&imageView",
					"https://yanxuan.nosdn.127.net/da0ac345e98c04594b697b56ebc373a5.png?&quality=95&type=webp&imageView"
				]
			}
		]
	},
	{
		"title": "全球特色",
		"href":"cloth.html",
		"fenlei": [
			{
				"fenlei1": "好货精选",
				"fenlei2": [
					"当季星品",
					"好评推荐",
					"礼品点卡",
					"礼盒"
				],
				"image": [
					"https://yanxuan.nosdn.127.net/f80a2e44a432f3cce0d611181d717cd6.png?&quality=95&type=webp&imageView",
					"https://yanxuan.nosdn.127.net/416b8cd5e50622166b6edeacb3821e04.png?&quality=95&type=webp&imageView",
					"https://yanxuan.nosdn.127.net/674cce5226188e5df6eb3091b44cd1c9.png?&quality=95&type=webp&imageView",
					"https://yanxuan.nosdn.127.net/dc6ac5e0918bb9f6adad9e539850f2fb.png?&quality=95&type=webp&imageView"
				]
			},
			{
				"fenlei1": "进口居家",
				"fenlei2": [
					"床品家纺",
					"餐厨用品",
					"日用百货"
				],
				"image": [
					"https://yanxuan.nosdn.127.net/2544843a0b3b7f417b24797818cdbe7a.png?&quality=95&type=webp&imageView",
					"https://yanxuan.nosdn.127.net/50ccbf04857e86cccf44d25da0577deb.png?&quality=95&type=webp&imageView",
					"https://yanxuan.nosdn.127.net/861992846dc3333f0b1d747c4db2ce36.png?&quality=95&type=webp&imageView"
				]
			},
			{
				"fenlei1": "进口洗护",
				"fenlei2": [
					"美妆个护",
					"口腔护理",
					"家清卫浴"
				],
				"image": [
					"https://yanxuan.nosdn.127.net/6f6ed59f016d34e418d54961770fa484.png?&quality=95&type=webp&imageView",
					"https://yanxuan.nosdn.127.net/c0ad8ef6d7e71a2c90b2200ca8eb7780.png?&quality=95&type=webp&imageView",
					"https://yanxuan.nosdn.127.net/00d79ce9acb7285b15f83c92940b557f.png?&quality=95&type=webp&imageView"
				]
			},
			{
				"fenlei1": "全球配饰",
				"fenlei2": [
					"高级珠宝",
					"时尚配搭"
				],
				"image": [
					"https://yanxuan.nosdn.127.net/b26d34d052d9c780d695bf4b601bfffc.png?&quality=95&type=webp&imageView",
					"https://yanxuan.nosdn.127.net/7daf27044470881e8839b46a262d958c.png?&quality=95&type=webp&imageView"
				]
			},
			{
				"fenlei1": "进口饮食",
				"fenlei2": [
					"休闲美食",
					"营养保健"
				],
				"image": [
					"https://yanxuan.nosdn.127.net/46d5c1f5e50ce79cef589c87c7d2ac90.png?&quality=95&type=webp&imageView",
					"https://yanxuan.nosdn.127.net/ca5da07b7012d0b9877754f9b484c723.png?&quality=95&type=webp&imageView"
				]
			},
			{
				"fenlei1": "特色品牌馆",
				"fenlei2": [
					"春风馆",
					"味央馆",
					"Yessing馆",
					"国风馆",
					"东方草木馆"
				],
				"image": [
					"https://yanxuan.nosdn.127.net/781e3230ac2098f7578cab8840d178d2.png?&quality=95&type=webp&imageView",
					"https://yanxuan.nosdn.127.net/24ca10886358393a0b497474de036450.png?&quality=95&type=webp&imageView",
					"https://yanxuan.nosdn.127.net/72427a6195a9b806bfc72ce7abe31f40.png?&quality=95&type=webp&imageView",
					"https://yanxuan.nosdn.127.net/c39dab5eebf154e4f8fb1a73daf21372.png?&quality=95&type=webp&imageView",
					"https://yanxuan.nosdn.127.net/dc20d6fc3ad930839771c0ed1d9569ce.png?&quality=95&type=webp&imageView"
				]
			},
			{
				"fenlei1": "图书文娱",
				"fenlei2": [
					"黑胶/CD",
					"童书/育儿",
					"文学/小说",
					"生活/娱乐",
					"人文/社科",
					"技能/成长"
				],
				"image": [
					"https://yanxuan.nosdn.127.net/63d783598533b268241bcac4256875cf.png?&quality=95&type=webp&imageView",
					"https://yanxuan.nosdn.127.net/e29aa520b3cfaf7c097eed579a01ceee.png?&quality=95&type=webp&imageView",
					"https://yanxuan.nosdn.127.net/c81d0007c03d1c926727ce260b2f2e08.png?&quality=95&type=webp&imageView",
					"https://yanxuan.nosdn.127.net/6a0f8e525d742d2dd2d6a530a44bcfa3.png?&quality=95&type=webp&imageView",
					"https://yanxuan.nosdn.127.net/11ba297aec1f6c0b988c9b69157872c2.png?&quality=95&type=webp&imageView",
					"https://yanxuan.nosdn.127.net/8570a4bfebe8cc7ab540c73d8c6fa43e.png?&quality=95&type=webp&imageView"
				]
			},
			{
				"fenlei1": "周边商品",
				"fenlei2": [
					"云音乐周边",
					"暴雪周边",
					"我的世界",
					"梦幻西游",
					"大话西游",
					"阴阳师",
					"游戏印象",
					"文创周边",
					"影视周边",
					"动漫电玩"
				],
				"image": [
					"https://yanxuan.nosdn.127.net/f351d108bff45c1c712f432b72c33a37.png?&quality=95&type=webp&imageView",
					"https://yanxuan.nosdn.127.net/917606f591fb899d0634a23ec5fdb53f.png?&quality=95&type=webp&imageView",
					"https://yanxuan.nosdn.127.net/cbfdaa58df864caffe2e5bd67be49198.png?&quality=95&type=webp&imageView",
					"https://yanxuan.nosdn.127.net/cc4c628c910c06f93cfe303be1814cf2.png?&quality=95&type=webp&imageView",
					"https://yanxuan.nosdn.127.net/77427165fad73e25e24c8f7fb57465b2.png?&quality=95&type=webp&imageView",
					"https://yanxuan.nosdn.127.net/8c7989cfaefe0445569cc95b7cb2d25a.png?&quality=95&type=webp&imageView",
					"https://yanxuan.nosdn.127.net/db58ec4b31c929628a2cbc2a22a90555.png?&quality=95&type=webp&imageView",
					"https://yanxuan.nosdn.127.net/45bfdbba238ac87ef32cb72d77447750.png?&quality=95&type=webp&imageView",
					"https://yanxuan.nosdn.127.net/9c5fafb5c17af3a78d722e05adb05143.png?&quality=95&type=webp&imageView",
					"https://yanxuan.nosdn.127.net/1b37e522b60c173004e9533d7a3929e3.png?&quality=95&type=webp&imageView"
				]
			}
		]
	},
	{
		"title": "为你严选",
		"href":"Foryou.html"
	},
	{
		"title": "众筹",
		"href":"zc.html"
	}
]
